[{"id": "30135", "name": "D32\u94a2", "goldCost": 400, "costs": [{"id": "30084", "name": "\u4e09\u6c34\u9530\u77ff", "rarity": 3, "count": 1}, {"id": "30094", "name": "\u4e94\u6c34\u7814\u78e8\u77f3", "rarity": 3, "count": 1}, {"id": "30104", "name": "RMA70-24", "rarity": 3, "count": 1}], "extraOutcome": [{"id": "30014", "name": "\u63d0\u7eaf\u6e90\u5ca9", "rarity": 3, "count": 1, "weight": 84}, {"id": "30024", "name": "\u7cd6\u805a\u5757", "rarity": 3, "count": 1, "weight": 63}, {"id": "30034", "name": "\u805a\u9178\u916f\u5757", "rarity": 3, "count": 1, "weight": 63}, {"id": "30044", "name": "\u5f02\u94c1\u5757", "rarity": 3, "count": 1, "weight": 56}, {"id": "30054", "name": "\u916e\u9635\u5217", "rarity": 3, "count": 1, "weight": 56}, {"id": "30064", "name": "\u6539\u91cf\u88c5\u7f6e", "rarity": 3, "count": 1, "weight": 42}, {"id": "30074", "name": "\u767d\u9a6c\u9187", "rarity": 3, "count": 1, "weight": 72}, {"id": "30084", "name": "\u4e09\u6c34\u9530\u77ff", "rarity": 3, "count": 1, "weight": 63}, {"id": "30094", "name": "\u4e94\u6c34\u7814\u78e8\u77f3", "rarity": 3, "count": 1, "weight": 63}, {"id": "30104", "name": "RMA70-24", "rarity": 3, "count": 1, "weight": 56}, {"count": 1, "id": "31014", "name": "\u805a\u5408\u51dd\u80f6", "rarity": 3, "weight": 72}, {"count": 1, "id": "31024", "name": "\u70bd\u5408\u91d1\u5757", "rarity": 3, "weight": 63}], "totalWeight": 753}, {"id": "30125", "name": "\u53cc\u6781\u7eb3\u7c73\u7247", "goldCost": 400, "costs": [{"id": "30064", "name": "\u6539\u91cf\u88c5\u7f6e", "rarity": 3, "count": 1}, {"id": "30074", "name": "\u767d\u9a6c\u9187", "rarity": 3, "count": 2}], "extraOutcome": [{"id": "30014", "name": "\u63d0\u7eaf\u6e90\u5ca9", "rarity": 3, "count": 1, "weight": 84}, {"id": "30024", "name": "\u7cd6\u805a\u5757", "rarity": 3, "count": 1, "weight": 63}, {"id": "30034", "name": "\u805a\u9178\u916f\u5757", "rarity": 3, "count": 1, "weight": 63}, {"id": "30044", "name": "\u5f02\u94c1\u5757", "rarity": 3, "count": 1, "weight": 56}, {"id": "30054", "name": "\u916e\u9635\u5217", "rarity": 3, "count": 1, "weight": 56}, {"id": "30064", "name": "\u6539\u91cf\u88c5\u7f6e", "rarity": 3, "count": 1, "weight": 42}, {"id": "30074", "name": "\u767d\u9a6c\u9187", "rarity": 3, "count": 1, "weight": 72}, {"id": "30084", "name": "\u4e09\u6c34\u9530\u77ff", "rarity": 3, "count": 1, "weight": 63}, {"id": "30094", "name": "\u4e94\u6c34\u7814\u78e8\u77f3", "rarity": 3, "count": 1, "weight": 63}, {"id": "30104", "name": "RMA70-24", "rarity": 3, "count": 1, "weight": 56}, {"count": 1, "id": "31014", "name": "\u805a\u5408\u51dd\u80f6", "rarity": 3, "weight": 72}, {"count": 1, "id": "31024", "name": "\u70bd\u5408\u91d1\u5757", "rarity": 3, "weight": 63}], "totalWeight": 753}, {"id": "30115", "name": "\u805a\u5408\u5242", "goldCost": 400, "costs": [{"id": "30014", "name": "\u63d0\u7eaf\u6e90\u5ca9", "rarity": 3, "count": 1}, {"id": "30044", "name": "\u5f02\u94c1\u5757", "rarity": 3, "count": 1}, {"id": "30054", "name": "\u916e\u9635\u5217", "rarity": 3, "count": 1}], "extraOutcome": [{"id": "30014", "name": "\u63d0\u7eaf\u6e90\u5ca9", "rarity": 3, "count": 1, "weight": 84}, {"id": "30024", "name": "\u7cd6\u805a\u5757", "rarity": 3, "count": 1, "weight": 63}, {"id": "30034", "name": "\u805a\u9178\u916f\u5757", "rarity": 3, "count": 1, "weight": 63}, {"id": "30044", "name": "\u5f02\u94c1\u5757", "rarity": 3, "count": 1, "weight": 56}, {"id": "30054", "name": "\u916e\u9635\u5217", "rarity": 3, "count": 1, "weight": 56}, {"id": "30064", "name": "\u6539\u91cf\u88c5\u7f6e", "rarity": 3, "count": 1, "weight": 42}, {"id": "30074", "name": "\u767d\u9a6c\u9187", "rarity": 3, "count": 1, "weight": 72}, {"id": "30084", "name": "\u4e09\u6c34\u9530\u77ff", "rarity": 3, "count": 1, "weight": 63}, {"id": "30094", "name": "\u4e94\u6c34\u7814\u78e8\u77f3", "rarity": 3, "count": 1, "weight": 63}, {"id": "30104", "name": "RMA70-24", "rarity": 3, "count": 1, "weight": 56}, {"count": 1, "id": "31014", "name": "\u805a\u5408\u51dd\u80f6", "rarity": 3, "weight": 72}, {"count": 1, "id": "31024", "name": "\u70bd\u5408\u91d1\u5757", "rarity": 3, "weight": 63}], "totalWeight": 753}, {"id": "30104", "name": "RMA70-24", "goldCost": 300, "costs": [{"id": "30103", "name": "RMA70-12", "rarity": 2, "count": 1}, {"id": "30013", "name": "\u56fa\u6e90\u5ca9\u7ec4", "rarity": 2, "count": 2}, {"id": "30053", "name": "\u916e\u51dd\u96c6\u7ec4", "rarity": 2, "count": 1}], "extraOutcome": [{"id": "30013", "name": "\u56fa\u6e90\u5ca9\u7ec4", "rarity": 2, "count": 1, "weight": 60}, {"id": "30023", "name": "\u7cd6\u7ec4", "rarity": 2, "count": 1, "weight": 50}, {"id": "30033", "name": "\u805a\u9178\u916f\u7ec4", "rarity": 2, "count": 1, "weight": 50}, {"id": "30043", "name": "\u5f02\u94c1\u7ec4", "rarity": 2, "count": 1, "weight": 40}, {"id": "30053", "name": "\u916e\u51dd\u96c6\u7ec4", "rarity": 2, "count": 1, "weight": 40}, {"id": "30063", "name": "\u5168\u65b0\u88c5\u7f6e", "rarity": 2, "count": 1, "weight": 30}, {"id": "30073", "name": "\u626d\u8f6c\u9187", "rarity": 2, "count": 1, "weight": 45}, {"id": "30083", "name": "\u8f7b\u9530\u77ff", "rarity": 2, "count": 1, "weight": 40}, {"id": "30093", "name": "\u7814\u78e8\u77f3", "rarity": 2, "count": 1, "weight": 36}, {"id": "30103", "name": "RMA70-12", "rarity": 2, "count": 1, "weight": 30}, {"count": 1, "id": "31013", "name": "\u51dd\u80f6", "rarity": 2, "weight": 36}, {"count": 1, "id": "31023", "name": "\u70bd\u5408\u91d1", "rarity": 2, "weight": 40}], "totalWeight": 497}, {"id": "30094", "name": "\u4e94\u6c34\u7814\u78e8\u77f3", "goldCost": 300, "costs": [{"id": "30093", "name": "\u7814\u78e8\u77f3", "rarity": 2, "count": 1}, {"id": "30043", "name": "\u5f02\u94c1\u7ec4", "rarity": 2, "count": 1}, {"id": "30063", "name": "\u5168\u65b0\u88c5\u7f6e", "rarity": 2, "count": 1}], "extraOutcome": [{"id": "30013", "name": "\u56fa\u6e90\u5ca9\u7ec4", "rarity": 2, "count": 1, "weight": 60}, {"id": "30023", "name": "\u7cd6\u7ec4", "rarity": 2, "count": 1, "weight": 50}, {"id": "30033", "name": "\u805a\u9178\u916f\u7ec4", "rarity": 2, "count": 1, "weight": 50}, {"id": "30043", "name": "\u5f02\u94c1\u7ec4", "rarity": 2, "count": 1, "weight": 40}, {"id": "30053", "name": "\u916e\u51dd\u96c6\u7ec4", "rarity": 2, "count": 1, "weight": 40}, {"id": "30063", "name": "\u5168\u65b0\u88c5\u7f6e", "rarity": 2, "count": 1, "weight": 30}, {"id": "30073", "name": "\u626d\u8f6c\u9187", "rarity": 2, "count": 1, "weight": 45}, {"id": "30083", "name": "\u8f7b\u9530\u77ff", "rarity": 2, "count": 1, "weight": 40}, {"id": "30093", "name": "\u7814\u78e8\u77f3", "rarity": 2, "count": 1, "weight": 36}, {"id": "30103", "name": "RMA70-12", "rarity": 2, "count": 1, "weight": 30}, {"count": 1, "id": "31013", "name": "\u51dd\u80f6", "rarity": 2, "weight": 36}, {"count": 1, "id": "31023", "name": "\u70bd\u5408\u91d1", "rarity": 2, "weight": 40}], "totalWeight": 497}, {"id": "30084", "name": "\u4e09\u6c34\u9530\u77ff", "goldCost": 300, "costs": [{"id": "30083", "name": "\u8f7b\u9530\u77ff", "rarity": 2, "count": 2}, {"id": "30033", "name": "\u805a\u9178\u916f\u7ec4", "rarity": 2, "count": 1}, {"id": "30073", "name": "\u626d\u8f6c\u9187", "rarity": 2, "count": 1}], "extraOutcome": [{"id": "30013", "name": "\u56fa\u6e90\u5ca9\u7ec4", "rarity": 2, "count": 1, "weight": 60}, {"id": "30023", "name": "\u7cd6\u7ec4", "rarity": 2, "count": 1, "weight": 50}, {"id": "30033", "name": "\u805a\u9178\u916f\u7ec4", "rarity": 2, "count": 1, "weight": 50}, {"id": "30043", "name": "\u5f02\u94c1\u7ec4", "rarity": 2, "count": 1, "weight": 40}, {"id": "30053", "name": "\u916e\u51dd\u96c6\u7ec4", "rarity": 2, "count": 1, "weight": 40}, {"id": "30063", "name": "\u5168\u65b0\u88c5\u7f6e", "rarity": 2, "count": 1, "weight": 30}, {"id": "30073", "name": "\u626d\u8f6c\u9187", "rarity": 2, "count": 1, "weight": 45}, {"id": "30083", "name": "\u8f7b\u9530\u77ff", "rarity": 2, "count": 1, "weight": 40}, {"id": "30093", "name": "\u7814\u78e8\u77f3", "rarity": 2, "count": 1, "weight": 36}, {"id": "30103", "name": "RMA70-12", "rarity": 2, "count": 1, "weight": 30}, {"count": 1, "id": "31013", "name": "\u51dd\u80f6", "rarity": 2, "weight": 36}, {"count": 1, "id": "31023", "name": "\u70bd\u5408\u91d1", "rarity": 2, "weight": 40}], "totalWeight": 497}, {"id": "30074", "name": "\u767d\u9a6c\u9187", "goldCost": 300, "costs": [{"id": "30073", "name": "\u626d\u8f6c\u9187", "rarity": 2, "count": 1}, {"id": "30023", "name": "\u7cd6\u7ec4", "rarity": 2, "count": 1}, {"id": "30103", "name": "RMA70-12", "rarity": 2, "count": 1}], "extraOutcome": [{"id": "30013", "name": "\u56fa\u6e90\u5ca9\u7ec4", "rarity": 2, "count": 1, "weight": 60}, {"id": "30023", "name": "\u7cd6\u7ec4", "rarity": 2, "count": 1, "weight": 50}, {"id": "30033", "name": "\u805a\u9178\u916f\u7ec4", "rarity": 2, "count": 1, "weight": 50}, {"id": "30043", "name": "\u5f02\u94c1\u7ec4", "rarity": 2, "count": 1, "weight": 40}, {"id": "30053", "name": "\u916e\u51dd\u96c6\u7ec4", "rarity": 2, "count": 1, "weight": 40}, {"id": "30063", "name": "\u5168\u65b0\u88c5\u7f6e", "rarity": 2, "count": 1, "weight": 30}, {"id": "30073", "name": "\u626d\u8f6c\u9187", "rarity": 2, "count": 1, "weight": 45}, {"id": "30083", "name": "\u8f7b\u9530\u77ff", "rarity": 2, "count": 1, "weight": 40}, {"id": "30093", "name": "\u7814\u78e8\u77f3", "rarity": 2, "count": 1, "weight": 36}, {"id": "30103", "name": "RMA70-12", "rarity": 2, "count": 1, "weight": 30}, {"count": 1, "id": "31013", "name": "\u51dd\u80f6", "rarity": 2, "weight": 36}, {"count": 1, "id": "31023", "name": "\u70bd\u5408\u91d1", "rarity": 2, "weight": 40}], "totalWeight": 497}, {"id": "30062", "name": "\u88c5\u7f6e", "goldCost": 100, "costs": [{"id": "30061", "name": "\u7834\u635f\u88c5\u7f6e", "rarity": 0, "count": 3}], "extraOutcome": [{"id": "30011", "name": "\u6e90\u5ca9", "rarity": 0, "count": 1, "weight": 15}, {"id": "30021", "name": "\u4ee3\u7cd6", "rarity": 0, "count": 1, "weight": 10}, {"id": "30031", "name": "\u916f\u539f\u6599", "rarity": 0, "count": 1, "weight": 10}, {"id": "30041", "name": "\u5f02\u94c1\u788e\u7247", "rarity": 0, "count": 1, "weight": 8}, {"id": "30051", "name": "\u53cc\u916e", "rarity": 0, "count": 1, "weight": 8}, {"id": "30061", "name": "\u7834\u635f\u88c5\u7f6e", "rarity": 0, "count": 1, "weight": 6}], "totalWeight": 57}, {"id": "30063", "name": "\u5168\u65b0\u88c5\u7f6e", "goldCost": 200, "costs": [{"id": "30062", "name": "\u88c5\u7f6e", "rarity": 1, "count": 4}], "extraOutcome": [{"id": "30012", "name": "\u56fa\u6e90\u5ca9", "rarity": 1, "count": 1, "weight": 15}, {"id": "30022", "name": "\u7cd6", "rarity": 1, "count": 1, "weight": 10}, {"id": "30032", "name": "\u805a\u9178\u916f", "rarity": 1, "count": 1, "weight": 10}, {"id": "30042", "name": "\u5f02\u94c1", "rarity": 1, "count": 1, "weight": 8}, {"id": "30052", "name": "\u916e\u51dd\u96c6", "rarity": 1, "count": 1, "weight": 8}, {"id": "30062", "name": "\u88c5\u7f6e", "rarity": 1, "count": 1, "weight": 6}], "totalWeight": 57}, {"id": "30064", "name": "\u6539\u91cf\u88c5\u7f6e", "goldCost": 300, "costs": [{"id": "30063", "name": "\u5168\u65b0\u88c5\u7f6e", "rarity": 2, "count": 1}, {"id": "30013", "name": "\u56fa\u6e90\u5ca9\u7ec4", "rarity": 2, "count": 2}, {"id": "30093", "name": "\u7814\u78e8\u77f3", "rarity": 2, "count": 1}], "extraOutcome": [{"id": "30013", "name": "\u56fa\u6e90\u5ca9\u7ec4", "rarity": 2, "count": 1, "weight": 60}, {"id": "30023", "name": "\u7cd6\u7ec4", "rarity": 2, "count": 1, "weight": 50}, {"id": "30033", "name": "\u805a\u9178\u916f\u7ec4", "rarity": 2, "count": 1, "weight": 50}, {"id": "30043", "name": "\u5f02\u94c1\u7ec4", "rarity": 2, "count": 1, "weight": 40}, {"id": "30053", "name": "\u916e\u51dd\u96c6\u7ec4", "rarity": 2, "count": 1, "weight": 40}, {"id": "30063", "name": "\u5168\u65b0\u88c5\u7f6e", "rarity": 2, "count": 1, "weight": 30}, {"id": "30073", "name": "\u626d\u8f6c\u9187", "rarity": 2, "count": 1, "weight": 45}, {"id": "30083", "name": "\u8f7b\u9530\u77ff", "rarity": 2, "count": 1, "weight": 40}, {"id": "30093", "name": "\u7814\u78e8\u77f3", "rarity": 2, "count": 1, "weight": 36}, {"id": "30103", "name": "RMA70-12", "rarity": 2, "count": 1, "weight": 30}, {"count": 1, "id": "31013", "name": "\u51dd\u80f6", "rarity": 2, "weight": 36}, {"count": 1, "id": "31023", "name": "\u70bd\u5408\u91d1", "rarity": 2, "weight": 40}], "totalWeight": 497}, {"id": "30052", "name": "\u916e\u51dd\u96c6", "goldCost": 100, "costs": [{"id": "30051", "name": "\u53cc\u916e", "rarity": 0, "count": 3}], "extraOutcome": [{"id": "30011", "name": "\u6e90\u5ca9", "rarity": 0, "count": 1, "weight": 15}, {"id": "30021", "name": "\u4ee3\u7cd6", "rarity": 0, "count": 1, "weight": 10}, {"id": "30031", "name": "\u916f\u539f\u6599", "rarity": 0, "count": 1, "weight": 10}, {"id": "30041", "name": "\u5f02\u94c1\u788e\u7247", "rarity": 0, "count": 1, "weight": 8}, {"id": "30051", "name": "\u53cc\u916e", "rarity": 0, "count": 1, "weight": 8}, {"id": "30061", "name": "\u7834\u635f\u88c5\u7f6e", "rarity": 0, "count": 1, "weight": 6}], "totalWeight": 57}, {"id": "30053", "name": "\u916e\u51dd\u96c6\u7ec4", "goldCost": 200, "costs": [{"id": "30052", "name": "\u916e\u51dd\u96c6", "rarity": 1, "count": 4}], "extraOutcome": [{"id": "30012", "name": "\u56fa\u6e90\u5ca9", "rarity": 1, "count": 1, "weight": 15}, {"id": "30022", "name": "\u7cd6", "rarity": 1, "count": 1, "weight": 10}, {"id": "30032", "name": "\u805a\u9178\u916f", "rarity": 1, "count": 1, "weight": 10}, {"id": "30042", "name": "\u5f02\u94c1", "rarity": 1, "count": 1, "weight": 8}, {"id": "30052", "name": "\u916e\u51dd\u96c6", "rarity": 1, "count": 1, "weight": 8}, {"id": "30062", "name": "\u88c5\u7f6e", "rarity": 1, "count": 1, "weight": 6}], "totalWeight": 57}, {"id": "30054", "name": "\u916e\u9635\u5217", "goldCost": 300, "costs": [{"id": "30053", "name": "\u916e\u51dd\u96c6\u7ec4", "rarity": 2, "count": 2}, {"id": "30023", "name": "\u7cd6\u7ec4", "rarity": 2, "count": 1}, {"id": "30083", "name": "\u8f7b\u9530\u77ff", "rarity": 2, "count": 1}], "extraOutcome": [{"id": "30013", "name": "\u56fa\u6e90\u5ca9\u7ec4", "rarity": 2, "count": 1, "weight": 60}, {"id": "30023", "name": "\u7cd6\u7ec4", "rarity": 2, "count": 1, "weight": 50}, {"id": "30033", "name": "\u805a\u9178\u916f\u7ec4", "rarity": 2, "count": 1, "weight": 50}, {"id": "30043", "name": "\u5f02\u94c1\u7ec4", "rarity": 2, "count": 1, "weight": 40}, {"id": "30053", "name": "\u916e\u51dd\u96c6\u7ec4", "rarity": 2, "count": 1, "weight": 40}, {"id": "30063", "name": "\u5168\u65b0\u88c5\u7f6e", "rarity": 2, "count": 1, "weight": 30}, {"id": "30073", "name": "\u626d\u8f6c\u9187", "rarity": 2, "count": 1, "weight": 45}, {"id": "30083", "name": "\u8f7b\u9530\u77ff", "rarity": 2, "count": 1, "weight": 40}, {"id": "30093", "name": "\u7814\u78e8\u77f3", "rarity": 2, "count": 1, "weight": 36}, {"id": "30103", "name": "RMA70-12", "rarity": 2, "count": 1, "weight": 30}, {"count": 1, "id": "31013", "name": "\u51dd\u80f6", "rarity": 2, "weight": 36}, {"count": 1, "id": "31023", "name": "\u70bd\u5408\u91d1", "rarity": 2, "weight": 40}], "totalWeight": 497}, {"id": "30042", "name": "\u5f02\u94c1", "goldCost": 100, "costs": [{"id": "30041", "name": "\u5f02\u94c1\u788e\u7247", "rarity": 0, "count": 3}], "extraOutcome": [{"id": "30011", "name": "\u6e90\u5ca9", "rarity": 0, "count": 1, "weight": 15}, {"id": "30021", "name": "\u4ee3\u7cd6", "rarity": 0, "count": 1, "weight": 10}, {"id": "30031", "name": "\u916f\u539f\u6599", "rarity": 0, "count": 1, "weight": 10}, {"id": "30041", "name": "\u5f02\u94c1\u788e\u7247", "rarity": 0, "count": 1, "weight": 8}, {"id": "30051", "name": "\u53cc\u916e", "rarity": 0, "count": 1, "weight": 8}, {"id": "30061", "name": "\u7834\u635f\u88c5\u7f6e", "rarity": 0, "count": 1, "weight": 6}], "totalWeight": 57}, {"id": "30043", "name": "\u5f02\u94c1\u7ec4", "goldCost": 200, "costs": [{"id": "30042", "name": "\u5f02\u94c1", "rarity": 1, "count": 4}], "extraOutcome": [{"id": "30012", "name": "\u56fa\u6e90\u5ca9", "rarity": 1, "count": 1, "weight": 15}, {"id": "30022", "name": "\u7cd6", "rarity": 1, "count": 1, "weight": 10}, {"id": "30032", "name": "\u805a\u9178\u916f", "rarity": 1, "count": 1, "weight": 10}, {"id": "30042", "name": "\u5f02\u94c1", "rarity": 1, "count": 1, "weight": 8}, {"id": "30052", "name": "\u916e\u51dd\u96c6", "rarity": 1, "count": 1, "weight": 8}, {"id": "30062", "name": "\u88c5\u7f6e", "rarity": 1, "count": 1, "weight": 6}], "totalWeight": 57}, {"id": "30044", "name": "\u5f02\u94c1\u5757", "goldCost": 300, "costs": [{"id": "30043", "name": "\u5f02\u94c1\u7ec4", "rarity": 2, "count": 2}, {"id": "30063", "name": "\u5168\u65b0\u88c5\u7f6e", "rarity": 2, "count": 1}, {"id": "30033", "name": "\u805a\u9178\u916f\u7ec4", "rarity": 2, "count": 1}], "extraOutcome": [{"id": "30013", "name": "\u56fa\u6e90\u5ca9\u7ec4", "rarity": 2, "count": 1, "weight": 60}, {"id": "30023", "name": "\u7cd6\u7ec4", "rarity": 2, "count": 1, "weight": 50}, {"id": "30033", "name": "\u805a\u9178\u916f\u7ec4", "rarity": 2, "count": 1, "weight": 50}, {"id": "30043", "name": "\u5f02\u94c1\u7ec4", "rarity": 2, "count": 1, "weight": 40}, {"id": "30053", "name": "\u916e\u51dd\u96c6\u7ec4", "rarity": 2, "count": 1, "weight": 40}, {"id": "30063", "name": "\u5168\u65b0\u88c5\u7f6e", "rarity": 2, "count": 1, "weight": 30}, {"id": "30073", "name": "\u626d\u8f6c\u9187", "rarity": 2, "count": 1, "weight": 45}, {"id": "30083", "name": "\u8f7b\u9530\u77ff", "rarity": 2, "count": 1, "weight": 40}, {"id": "30093", "name": "\u7814\u78e8\u77f3", "rarity": 2, "count": 1, "weight": 36}, {"id": "30103", "name": "RMA70-12", "rarity": 2, "count": 1, "weight": 30}, {"count": 1, "id": "31013", "name": "\u51dd\u80f6", "rarity": 2, "weight": 36}, {"count": 1, "id": "31023", "name": "\u70bd\u5408\u91d1", "rarity": 2, "weight": 40}], "totalWeight": 497}, {"id": "30032", "name": "\u805a\u9178\u916f", "goldCost": 100, "costs": [{"id": "30031", "name": "\u916f\u539f\u6599", "rarity": 0, "count": 3}], "extraOutcome": [{"id": "30011", "name": "\u6e90\u5ca9", "rarity": 0, "count": 1, "weight": 15}, {"id": "30021", "name": "\u4ee3\u7cd6", "rarity": 0, "count": 1, "weight": 10}, {"id": "30031", "name": "\u916f\u539f\u6599", "rarity": 0, "count": 1, "weight": 10}, {"id": "30041", "name": "\u5f02\u94c1\u788e\u7247", "rarity": 0, "count": 1, "weight": 8}, {"id": "30051", "name": "\u53cc\u916e", "rarity": 0, "count": 1, "weight": 8}, {"id": "30061", "name": "\u7834\u635f\u88c5\u7f6e", "rarity": 0, "count": 1, "weight": 6}], "totalWeight": 57}, {"id": "30033", "name": "\u805a\u9178\u916f\u7ec4", "goldCost": 200, "costs": [{"id": "30032", "name": "\u805a\u9178\u916f", "rarity": 1, "count": 4}], "extraOutcome": [{"id": "30012", "name": "\u56fa\u6e90\u5ca9", "rarity": 1, "count": 1, "weight": 15}, {"id": "30022", "name": "\u7cd6", "rarity": 1, "count": 1, "weight": 10}, {"id": "30032", "name": "\u805a\u9178\u916f", "rarity": 1, "count": 1, "weight": 10}, {"id": "30042", "name": "\u5f02\u94c1", "rarity": 1, "count": 1, "weight": 8}, {"id": "30052", "name": "\u916e\u51dd\u96c6", "rarity": 1, "count": 1, "weight": 8}, {"id": "30062", "name": "\u88c5\u7f6e", "rarity": 1, "count": 1, "weight": 6}], "totalWeight": 57}, {"id": "30034", "name": "\u805a\u9178\u916f\u5757", "goldCost": 300, "costs": [{"id": "30033", "name": "\u805a\u9178\u916f\u7ec4", "rarity": 2, "count": 2}, {"id": "30053", "name": "\u916e\u51dd\u96c6\u7ec4", "rarity": 2, "count": 1}, {"id": "30073", "name": "\u626d\u8f6c\u9187", "rarity": 2, "count": 1}], "extraOutcome": [{"id": "30013", "name": "\u56fa\u6e90\u5ca9\u7ec4", "rarity": 2, "count": 1, "weight": 60}, {"id": "30023", "name": "\u7cd6\u7ec4", "rarity": 2, "count": 1, "weight": 50}, {"id": "30033", "name": "\u805a\u9178\u916f\u7ec4", "rarity": 2, "count": 1, "weight": 50}, {"id": "30043", "name": "\u5f02\u94c1\u7ec4", "rarity": 2, "count": 1, "weight": 40}, {"id": "30053", "name": "\u916e\u51dd\u96c6\u7ec4", "rarity": 2, "count": 1, "weight": 40}, {"id": "30063", "name": "\u5168\u65b0\u88c5\u7f6e", "rarity": 2, "count": 1, "weight": 30}, {"id": "30073", "name": "\u626d\u8f6c\u9187", "rarity": 2, "count": 1, "weight": 45}, {"id": "30083", "name": "\u8f7b\u9530\u77ff", "rarity": 2, "count": 1, "weight": 40}, {"id": "30093", "name": "\u7814\u78e8\u77f3", "rarity": 2, "count": 1, "weight": 36}, {"id": "30103", "name": "RMA70-12", "rarity": 2, "count": 1, "weight": 30}, {"count": 1, "id": "31013", "name": "\u51dd\u80f6", "rarity": 2, "weight": 36}, {"count": 1, "id": "31023", "name": "\u70bd\u5408\u91d1", "rarity": 2, "weight": 40}], "totalWeight": 497}, {"id": "30022", "name": "\u7cd6", "goldCost": 100, "costs": [{"id": "30021", "name": "\u4ee3\u7cd6", "rarity": 0, "count": 3}], "extraOutcome": [{"id": "30011", "name": "\u6e90\u5ca9", "rarity": 0, "count": 1, "weight": 15}, {"id": "30021", "name": "\u4ee3\u7cd6", "rarity": 0, "count": 1, "weight": 10}, {"id": "30031", "name": "\u916f\u539f\u6599", "rarity": 0, "count": 1, "weight": 10}, {"id": "30041", "name": "\u5f02\u94c1\u788e\u7247", "rarity": 0, "count": 1, "weight": 8}, {"id": "30051", "name": "\u53cc\u916e", "rarity": 0, "count": 1, "weight": 8}, {"id": "30061", "name": "\u7834\u635f\u88c5\u7f6e", "rarity": 0, "count": 1, "weight": 6}], "totalWeight": 57}, {"id": "30023", "name": "\u7cd6\u7ec4", "goldCost": 200, "costs": [{"id": "30022", "name": "\u7cd6", "rarity": 1, "count": 4}], "extraOutcome": [{"id": "30012", "name": "\u56fa\u6e90\u5ca9", "rarity": 1, "count": 1, "weight": 15}, {"id": "30022", "name": "\u7cd6", "rarity": 1, "count": 1, "weight": 10}, {"id": "30032", "name": "\u805a\u9178\u916f", "rarity": 1, "count": 1, "weight": 10}, {"id": "30042", "name": "\u5f02\u94c1", "rarity": 1, "count": 1, "weight": 8}, {"id": "30052", "name": "\u916e\u51dd\u96c6", "rarity": 1, "count": 1, "weight": 8}, {"id": "30062", "name": "\u88c5\u7f6e", "rarity": 1, "count": 1, "weight": 6}], "totalWeight": 57}, {"id": "30024", "name": "\u7cd6\u805a\u5757", "goldCost": 300, "costs": [{"id": "30023", "name": "\u7cd6\u7ec4", "rarity": 2, "count": 2}, {"id": "30043", "name": "\u5f02\u94c1\u7ec4", "rarity": 2, "count": 1}, {"id": "30083", "name": "\u8f7b\u9530\u77ff", "rarity": 2, "count": 1}], "extraOutcome": [{"id": "30013", "name": "\u56fa\u6e90\u5ca9\u7ec4", "rarity": 2, "count": 1, "weight": 60}, {"id": "30023", "name": "\u7cd6\u7ec4", "rarity": 2, "count": 1, "weight": 50}, {"id": "30033", "name": "\u805a\u9178\u916f\u7ec4", "rarity": 2, "count": 1, "weight": 50}, {"id": "30043", "name": "\u5f02\u94c1\u7ec4", "rarity": 2, "count": 1, "weight": 40}, {"id": "30053", "name": "\u916e\u51dd\u96c6\u7ec4", "rarity": 2, "count": 1, "weight": 40}, {"id": "30063", "name": "\u5168\u65b0\u88c5\u7f6e", "rarity": 2, "count": 1, "weight": 30}, {"id": "30073", "name": "\u626d\u8f6c\u9187", "rarity": 2, "count": 1, "weight": 45}, {"id": "30083", "name": "\u8f7b\u9530\u77ff", "rarity": 2, "count": 1, "weight": 40}, {"id": "30093", "name": "\u7814\u78e8\u77f3", "rarity": 2, "count": 1, "weight": 36}, {"id": "30103", "name": "RMA70-12", "rarity": 2, "count": 1, "weight": 30}, {"count": 1, "id": "31013", "name": "\u51dd\u80f6", "rarity": 2, "weight": 36}, {"count": 1, "id": "31023", "name": "\u70bd\u5408\u91d1", "rarity": 2, "weight": 40}], "totalWeight": 497}, {"id": "30012", "name": "\u56fa\u6e90\u5ca9", "goldCost": 100, "costs": [{"id": "30011", "name": "\u6e90\u5ca9", "rarity": 0, "count": 3}], "extraOutcome": [{"id": "30011", "name": "\u6e90\u5ca9", "rarity": 0, "count": 1, "weight": 15}, {"id": "30021", "name": "\u4ee3\u7cd6", "rarity": 0, "count": 1, "weight": 10}, {"id": "30031", "name": "\u916f\u539f\u6599", "rarity": 0, "count": 1, "weight": 10}, {"id": "30041", "name": "\u5f02\u94c1\u788e\u7247", "rarity": 0, "count": 1, "weight": 8}, {"id": "30051", "name": "\u53cc\u916e", "rarity": 0, "count": 1, "weight": 8}, {"id": "30061", "name": "\u7834\u635f\u88c5\u7f6e", "rarity": 0, "count": 1, "weight": 6}], "totalWeight": 57}, {"id": "30013", "name": "\u56fa\u6e90\u5ca9\u7ec4", "goldCost": 200, "costs": [{"id": "30012", "name": "\u56fa\u6e90\u5ca9", "rarity": 1, "count": 5}], "extraOutcome": [{"id": "30012", "name": "\u56fa\u6e90\u5ca9", "rarity": 1, "count": 1, "weight": 15}, {"id": "30022", "name": "\u7cd6", "rarity": 1, "count": 1, "weight": 10}, {"id": "30032", "name": "\u805a\u9178\u916f", "rarity": 1, "count": 1, "weight": 10}, {"id": "30042", "name": "\u5f02\u94c1", "rarity": 1, "count": 1, "weight": 8}, {"id": "30052", "name": "\u916e\u51dd\u96c6", "rarity": 1, "count": 1, "weight": 8}, {"id": "30062", "name": "\u88c5\u7f6e", "rarity": 1, "count": 1, "weight": 6}], "totalWeight": 57}, {"id": "30014", "name": "\u63d0\u7eaf\u6e90\u5ca9", "goldCost": 300, "costs": [{"id": "30013", "name": "\u56fa\u6e90\u5ca9\u7ec4", "rarity": 2, "count": 4}], "extraOutcome": [{"id": "30013", "name": "\u56fa\u6e90\u5ca9\u7ec4", "rarity": 2, "count": 1, "weight": 60}, {"id": "30023", "name": "\u7cd6\u7ec4", "rarity": 2, "count": 1, "weight": 50}, {"id": "30033", "name": "\u805a\u9178\u916f\u7ec4", "rarity": 2, "count": 1, "weight": 50}, {"id": "30043", "name": "\u5f02\u94c1\u7ec4", "rarity": 2, "count": 1, "weight": 40}, {"id": "30053", "name": "\u916e\u51dd\u96c6\u7ec4", "rarity": 2, "count": 1, "weight": 40}, {"id": "30063", "name": "\u5168\u65b0\u88c5\u7f6e", "rarity": 2, "count": 1, "weight": 30}, {"id": "30073", "name": "\u626d\u8f6c\u9187", "rarity": 2, "count": 1, "weight": 45}, {"id": "30083", "name": "\u8f7b\u9530\u77ff", "rarity": 2, "count": 1, "weight": 40}, {"id": "30093", "name": "\u7814\u78e8\u77f3", "rarity": 2, "count": 1, "weight": 36}, {"id": "30103", "name": "RMA70-12", "rarity": 2, "count": 1, "weight": 30}, {"count": 1, "id": "31013", "name": "\u51dd\u80f6", "rarity": 2, "weight": 36}, {"count": 1, "id": "31023", "name": "\u70bd\u5408\u91d1", "rarity": 2, "weight": 40}], "totalWeight": 497}, {"costs": [{"count": 1, "id": "30063", "name": "\u5168\u65b0\u88c5\u7f6e", "rarity": 2}, {"count": 1, "id": "30093", "name": "\u7814\u78e8\u77f3", "rarity": 2}, {"count": 1, "id": "31023", "name": "\u70bd\u5408\u91d1", "rarity": 2}], "extraOutcome": [{"count": 1, "id": "30013", "name": "\u56fa\u6e90\u5ca9\u7ec4", "rarity": 2, "weight": 60}, {"count": 1, "id": "30023", "name": "\u7cd6\u7ec4", "rarity": 2, "weight": 50}, {"count": 1, "id": "30033", "name": "\u805a\u9178\u916f\u7ec4", "rarity": 2, "weight": 50}, {"count": 1, "id": "30043", "name": "\u5f02\u94c1\u7ec4", "rarity": 2, "weight": 40}, {"count": 1, "id": "30053", "name": "\u916e\u51dd\u96c6\u7ec4", "rarity": 2, "weight": 40}, {"count": 1, "id": "30063", "name": "\u5168\u65b0\u88c5\u7f6e", "rarity": 2, "weight": 30}, {"count": 1, "id": "30073", "name": "\u626d\u8f6c\u9187", "rarity": 2, "weight": 45}, {"count": 1, "id": "30083", "name": "\u8f7b\u9530\u77ff", "rarity": 2, "weight": 40}, {"count": 1, "id": "30093", "name": "\u7814\u78e8\u77f3", "rarity": 2, "weight": 36}, {"count": 1, "id": "30103", "name": "RMA70-12", "rarity": 2, "weight": 30}, {"count": 1, "id": "31013", "name": "\u51dd\u80f6", "rarity": 2, "weight": 36}, {"count": 1, "id": "31023", "name": "\u70bd\u5408\u91d1", "rarity": 2, "weight": 40}], "goldCost": 300, "id": "31024", "name": "\u70bd\u5408\u91d1\u5757", "totalWeight": 497}, {"costs": [{"count": 1, "id": "30043", "name": "\u5f02\u94c1\u7ec4", "rarity": 2}, {"count": 1, "id": "31013", "name": "\u51dd\u80f6", "rarity": 2}, {"count": 1, "id": "31023", "name": "\u70bd\u5408\u91d1", "rarity": 2}], "extraOutcome": [{"count": 1, "id": "30013", "name": "\u56fa\u6e90\u5ca9\u7ec4", "rarity": 2, "weight": 60}, {"count": 1, "id": "30023", "name": "\u7cd6\u7ec4", "rarity": 2, "weight": 50}, {"count": 1, "id": "30033", "name": "\u805a\u9178\u916f\u7ec4", "rarity": 2, "weight": 50}, {"count": 1, "id": "30043", "name": "\u5f02\u94c1\u7ec4", "rarity": 2, "weight": 40}, {"count": 1, "id": "30053", "name": "\u916e\u51dd\u96c6\u7ec4", "rarity": 2, "weight": 40}, {"count": 1, "id": "30063", "name": "\u5168\u65b0\u88c5\u7f6e", "rarity": 2, "weight": 30}, {"count": 1, "id": "30073", "name": "\u626d\u8f6c\u9187", "rarity": 2, "weight": 45}, {"count": 1, "id": "30083", "name": "\u8f7b\u9530\u77ff", "rarity": 2, "weight": 40}, {"count": 1, "id": "30093", "name": "\u7814\u78e8\u77f3", "rarity": 2, "weight": 36}, {"count": 1, "id": "30103", "name": "RMA70-12", "rarity": 2, "weight": 30}, {"count": 1, "id": "31013", "name": "\u51dd\u80f6", "rarity": 2, "weight": 36}, {"count": 1, "id": "31023", "name": "\u70bd\u5408\u91d1", "rarity": 2, "weight": 40}], "goldCost": 300, "id": "31014", "name": "\u805a\u5408\u51dd\u80f6", "totalWeight": 497}]